Rk,Date,Series,Gm#,Tm,Opp,Rslt,PA,AB,R,H,2B,3B,HR,RBI,BB,IBB,SO,HBP,SH,SF,ROE,GDP,SB,CS,WPA,RE24,aLI,LOB,#,Attendance,GmLen
601,2010-10-17,NLCS,2,PHI,SFG,W 6-1,38,31,6,8,3,0,0,6,5,2,9,0,1,1,1,0,3,0,0.165,2.019,.963,8,11,"46,099",181
602,2010-10-17,NLCS,2,SFG,PHI,L 1-6,35,31,1,4,0,0,1,1,4,0,10,0,0,0,0,0,0,0,-0.336,-3.478,.772,7,15,"46,099",181
603,2010-10-16,ALCS,2,NYY,TEX,L 2-7,41,33,2,7,2,0,1,2,7,0,10,1,0,0,0,0,0,0,-0.220,-2.873,.598,12,10,"50,362",232
604,2010-10-16,NLCS,1,PHI,SFG,L 3-4,37,33,3,7,2,0,2,3,3,0,13,1,0,0,0,1,0,0,-0.467,-1.480,1.541,7,14,"45,929",179
605,2010-10-16,NLCS,1,SFG,PHI,W 4-3,38,36,4,9,1,0,2,4,1,0,10,1,0,0,0,0,1,0,0.032,-0.482,.874,7,13,"45,929",179
606,2010-10-16,ALCS,2,TEX,NYY,W 7-2,40,33,7,12,5,1,1,6,6,2,9,0,1,0,0,1,4,0,0.280,2.669,.514,9,10,"50,362",232
607,2010-10-15,ALCS,1,NYY,TEX,W 6-5,40,36,6,10,2,0,1,6,4,0,5,0,0,0,0,1,0,0,0.358,1.126,1.091,7,10,"50,930",230
608,2010-10-15,ALCS,1,TEX,NYY,L 5-6,39,32,5,7,1,0,1,5,6,0,9,0,1,0,1,0,1,1,-0.141,0.126,1.066,7,13,"50,930",230
609,2010-10-12,ALDS,5,TBR,TEX,L 1-5,33,33,1,6,1,0,0,1,0,0,11,0,0,0,0,0,1,0,-0.417,-3.248,1.199,5,10,"41,845",180
610,2010-10-12,ALDS,5,TEX,TBR,W 5-1,37,37,5,11,2,0,1,4,0,0,8,0,0,0,1,2,3,0,0.082,0.751,.770,5,9,"41,845",180
611,2010-10-11,NLDS,4,ATL,SFG,L 2-3,38,34,2,7,0,0,1,2,3,0,9,0,0,1,1,0,0,0,-0.423,-2.298,1.749,9,19,"44,532",176
612,2010-10-11,NLDS,4,SFG,ATL,W 3-2,32,30,3,5,0,0,1,3,2,0,11,0,0,0,2,2,0,1,0.081,-1.298,1.402,2,16,"44,532",176
613,2010-10-10,NLDS,3,ATL,SFG,L 2-3,32,31,2,4,0,0,1,2,1,0,12,0,0,0,0,0,0,0,-0.135,-2.299,1.401,3,19,"53,284",203
614,2010-10-10,NLDS,3,CIN,PHI,L 0-2,31,31,0,5,1,0,0,0,0,0,9,0,0,0,0,1,0,0,-0.629,-4.481,1.124,4,16,"44,599",180
615,2010-10-10,NLDS,3,PHI,CIN,W 2-0,37,35,2,8,1,0,1,1,1,0,6,0,1,0,2,1,0,0,-0.131,-2.481,.758,8,9,"44,599",180
616,2010-10-10,NLDS,3,SFG,ATL,W 3-2,41,36,3,8,0,1,0,1,5,0,10,0,0,0,3,1,1,1,0.368,-1.297,1.511,11,13,"53,284",203
617,2010-10-10,ALDS,4,TBR,TEX,W 5-2,38,38,5,12,4,1,1,4,0,0,12,0,0,0,1,2,2,0,0.139,0.127,.616,6,10,"49,218",202
618,2010-10-10,ALDS,4,TEX,TBR,L 2-5,37,34,2,8,2,0,1,2,3,0,8,0,0,0,0,1,0,0,-0.363,-2.871,.990,8,10,"49,218",202
619,2010-10-09,ALDS,3,MIN,NYY,L 1-6,35,33,1,7,1,0,0,1,2,0,7,0,0,0,0,1,0,0,-0.292,-3.743,.560,7,9,"50,840",186
620,2010-10-09,ALDS,3,NYY,MIN,W 6-1,36,33,6,12,1,1,2,6,2,0,5,0,0,1,0,2,2,0,0.208,1.785,.441,6,9,"50,840",186
621,2010-10-09,ALDS,3,TBR,TEX,W 6-3,44,37,6,11,3,0,2,6,7,0,9,0,0,0,0,0,0,0,0.260,1.129,1.315,11,12,"51,746",218
622,2010-10-09,ALDS,3,TEX,TBR,L 3-6,34,32,3,6,1,0,2,3,2,0,6,0,0,0,0,1,1,0,-0.238,-1.875,1.032,4,10,"51,746",218
623,2010-10-08,NLDS,2,ATL,SFG,W 5-4,46,43,5,11,1,0,1,5,2,0,11,0,1,0,1,1,0,0,0.156,-0.203,1.213,8,20,"44,046",227
624,2010-10-08,NLDS,2,CIN,PHI,L 4-7,36,31,4,6,1,0,2,3,3,0,7,0,1,1,1,0,0,0,-0.027,-0.480,.886,5,17,"46,511",219
625,2010-10-08,NLDS,2,PHI,CIN,W 7-4,44,35,7,8,0,0,0,5,6,2,4,3,0,0,3,1,2,0,0.473,3.018,1.430,13,17,"46,511",219
Rk,Date,Series,Gm#,Tm,Opp,Rslt,PA,AB,R,H,2B,3B,HR,RBI,BB,IBB,SO,HBP,SH,SF,ROE,GDP,SB,CS,WPA,RE24,aLI,LOB,#,Attendance,GmLen
626,2010-10-08,NLDS,2,SFG,ATL,L 4-5,44,40,4,10,2,0,1,4,2,0,13,1,1,0,0,1,0,0,-0.343,-1.204,1.220,7,18,"44,046",227
627,2010-10-07,NLDS,1,ATL,SFG,L 0-1,30,29,0,2,2,0,0,0,1,0,14,0,0,0,0,0,0,0,-0.723,-4.257,1.297,3,14,"43,936",146
628,2010-10-07,ALDS,2,MIN,NYY,L 2-5,32,30,2,6,0,1,1,2,1,0,6,0,0,1,0,2,0,0,-0.251,-2.379,1.125,3,9,"42,035",179
629,2010-10-07,ALDS,2,NYY,MIN,W 5-2,40,36,5,12,3,0,1,5,2,1,5,0,1,1,0,1,1,0,0.248,0.620,1.029,8,10,"42,035",179
630,2010-10-07,NLDS,1,SFG,ATL,W 1-0,31,26,1,5,1,0,0,1,4,1,9,0,1,0,1,2,1,1,-0.222,-2.784,1.071,6,10,"43,936",146
631,2010-10-07,ALDS,2,TBR,TEX,L 0-6,34,30,0,2,1,0,0,0,3,0,10,1,0,0,1,0,0,0,-0.263,-4.249,.565,7,11,"35,535",190
632,2010-10-07,ALDS,2,TEX,TBR,W 6-0,37,34,6,9,1,0,2,5,1,0,8,2,0,0,0,1,1,0,0.238,1.753,.613,4,9,"35,535",190
633,2010-10-06,NLDS,1,CIN,PHI,L 0-4,28,27,0,0,0,0,0,0,1,0,8,0,0,0,0,0,0,0,-0.300,-4.481,.441,1,14,"46,411",154
634,2010-10-06,ALDS,1,MIN,NYY,L 4-6,41,34,4,8,2,0,1,3,5,0,7,1,1,0,0,0,0,0,-0.011,-0.382,1.375,10,11,"42,032",227
635,2010-10-06,ALDS,1,NYY,MIN,W 6-4,39,36,6,9,1,1,1,6,3,0,8,0,0,0,0,0,1,0,0.488,1.622,1.078,6,10,"42,032",227
636,2010-10-06,NLDS,1,PHI,CIN,W 4-0,33,29,4,5,2,0,0,4,3,1,4,0,0,1,1,0,1,0,0.200,0.017,.477,5,9,"46,411",154
637,2010-10-06,ALDS,1,TBR,TEX,L 1-5,36,34,1,6,1,0,1,1,2,0,13,0,0,0,1,0,1,0,-0.269,-3.250,.853,8,13,"35,474",186
638,2010-10-06,ALDS,1,TEX,TBR,W 5-1,37,37,5,10,2,0,2,5,0,0,8,0,0,0,2,1,1,1,0.230,0.751,.432,5,9,"35,474",186
639,2009-11-04,WS,6,NYY,PHI,W 7-3,38,31,7,8,2,0,1,7,5,1,11,1,1,0,0,0,1,0,0.274,2.448,.547,7,10,"50,315",232
640,2009-11-04,WS,6,PHI,NYY,L 3-7,38,30,3,6,2,1,1,3,7,0,7,0,0,1,0,2,1,0,-0.228,-2.122,.672,8,10,"50,315",232
641,2009-11-02,WS,5,NYY,PHI,L 6-8,39,35,6,10,4,0,0,5,3,0,4,0,0,1,0,1,0,0,-0.143,1.479,.743,6,17,"46,178",206
642,2009-11-02,WS,5,PHI,NYY,W 8-6,37,32,8,9,0,0,3,8,4,0,7,1,0,0,0,1,1,0,0.359,3.983,.454,5,13,"46,178",206
643,2009-11-01,WS,4,NYY,PHI,W 7-4,41,34,7,9,2,0,0,7,4,0,11,2,0,1,0,0,2,0,0.556,2.481,1.378,7,14,"46,145",205
644,2009-11-01,WS,4,PHI,NYY,L 4-7,38,35,4,8,2,0,2,4,3,2,9,0,0,0,0,0,1,0,0.056,-0.520,1.348,7,14,"46,145",205
645,2009-10-31,WS,3,NYY,PHI,W 8-5,41,35,8,8,2,0,3,8,4,0,8,2,0,0,0,0,1,0,0.482,3.481,.783,6,15,"46,061",205
646,2009-10-31,WS,3,PHI,NYY,L 5-8,37,32,5,6,1,0,3,5,3,0,9,0,1,1,1,0,1,0,-0.018,0.479,.879,5,15,"46,061",205
647,2009-10-29,WS,2,NYY,PHI,W 3-1,34,31,3,8,1,0,2,3,2,0,12,1,0,0,0,0,0,0,-0.025,-1.554,.873,7,11,"50,181",205
648,2009-10-29,WS,2,PHI,NYY,L 1-3,34,31,1,6,3,0,0,1,3,1,11,0,0,0,0,1,0,0,-0.525,-4.124,1.128,6,9,"50,181",205
649,2009-10-28,WS,1,NYY,PHI,L 1-6,32,32,1,6,1,0,0,0,0,0,10,0,0,0,0,0,0,0,-0.522,-4.122,.854,4,9,"50,207",207
650,2009-10-28,WS,1,PHI,NYY,W 6-1,40,34,6,9,3,0,2,6,6,0,7,0,0,0,0,1,1,0,-0.021,0.878,.717,7,9,"50,207",207
Rk,Date,Series,Gm#,Tm,Opp,Rslt,PA,AB,R,H,2B,3B,HR,RBI,BB,IBB,SO,HBP,SH,SF,ROE,GDP,SB,CS,WPA,RE24,aLI,LOB,#,Attendance,GmLen
651,2009-10-25,ALCS,6,LAA,NYY,L 2-5,35,34,2,9,2,0,0,2,1,0,7,0,0,0,0,1,0,0,-0.367,-3.123,1.175,6,13,"50,173",220
652,2009-10-25,ALCS,6,NYY,LAA,W 5-2,41,28,5,9,0,0,0,4,9,0,3,0,3,1,2,3,0,0,0.134,0.446,1.044,12,10,"50,173",220
653,2009-10-22,ALCS,5,LAA,NYY,W 7-6,38,33,7,12,4,0,0,7,4,0,5,0,1,0,0,2,2,0,0.682,2.705,.963,7,10,"45,113",214
654,2009-10-22,ALCS,5,NYY,LAA,L 6-7,43,36,6,9,3,1,0,6,6,2,9,1,0,0,0,0,0,0,0.181,1.167,1.535,10,12,"45,113",214
655,2009-10-21,NLCS,5,LAD,PHI,L 4-10,38,35,4,8,1,0,3,4,3,0,7,0,0,0,0,0,0,0,-0.067,-0.521,.707,7,17,"46,214",220
656,2009-10-21,NLCS,5,PHI,LAD,W 10-4,39,31,10,8,2,0,4,9,4,0,10,3,1,0,0,0,0,0,0.431,5.983,.450,5,16,"46,214",220
657,2009-10-20,ALCS,4,LAA,NYY,L 1-10,33,31,1,5,0,0,1,1,2,0,5,0,0,0,0,1,0,0,-0.294,-3.834,.768,5,10,"45,160",218
658,2009-10-20,ALCS,4,NYY,LAA,W 10-1,46,38,10,13,4,0,2,9,7,0,8,1,0,0,0,0,2,2,0.205,5.167,.742,9,10,"45,160",218
659,2009-10-19,ALCS,3,LAA,NYY,W 5-4,44,40,5,13,4,1,2,5,2,1,3,0,1,1,0,2,1,1,0.132,-0.569,1.610,7,11,"44,911",261
660,2009-10-19,NLCS,4,LAD,PHI,L 4-5,39,35,4,8,0,0,1,4,4,0,7,0,0,0,1,0,3,1,0.047,-0.521,1.132,8,15,"46,157",224
661,2009-10-19,ALCS,3,NYY,LAA,L 4-5,47,40,4,8,0,0,4,4,7,1,13,0,0,0,0,0,0,1,-0.367,-1.908,1.390,10,15,"44,911",261
662,2009-10-19,NLCS,4,PHI,LAD,W 5-4,37,31,5,5,1,1,1,5,4,0,4,2,0,0,0,0,0,0,0.547,0.803,2.025,6,17,"46,157",224
663,2009-10-18,NLCS,3,LAD,PHI,L 0-11,29,29,0,3,0,0,0,0,0,0,10,0,0,0,0,1,0,0,-0.141,-4.522,.274,2,15,"45,721",192
664,2009-10-18,NLCS,3,PHI,LAD,W 11-0,41,33,11,11,2,2,2,11,7,0,7,0,1,0,0,1,1,0,0.359,6.983,.264,6,11,"45,721",192
665,2009-10-17,ALCS,2,LAA,NYY,L 3-4,58,47,3,8,3,0,0,2,7,3,10,2,2,0,3,1,1,0,-0.670,-4.400,2.053,16,12,"49,922",310
666,2009-10-17,ALCS,2,NYY,LAA,W 4-3,53,48,4,13,0,1,2,3,4,2,8,0,1,0,2,3,0,0,-0.170,-2.416,2.090,12,13,"49,922",310
667,2009-10-16,ALCS,1,LAA,NYY,L 1-4,33,31,1,4,1,0,0,1,2,0,8,0,0,0,0,0,0,0,-0.407,-4.123,.857,5,10,"49,688",198
668,2009-10-16,NLCS,2,LAD,PHI,W 2-1,31,26,2,5,0,0,0,1,2,0,4,1,2,0,0,0,0,1,0.071,-1.784,1.813,5,15,"56,000",185
669,2009-10-16,ALCS,1,NYY,LAA,W 4-1,39,32,4,10,2,0,0,4,5,0,6,1,0,1,0,0,0,0,0.094,-0.552,.671,11,10,"49,688",198
670,2009-10-16,NLCS,2,PHI,LAD,L 1-2,30,29,1,4,0,0,1,1,1,0,6,0,0,0,0,2,1,0,-0.430,-3.260,.961,2,16,"56,000",185
671,2009-10-15,NLCS,1,LAD,PHI,L 6-8,43,39,6,14,2,0,2,6,3,0,5,0,0,1,0,1,0,0,-0.090,1.741,1.542,10,18,"56,000",242
672,2009-10-15,NLCS,1,PHI,LAD,W 8-6,40,32,8,8,1,0,2,8,7,0,6,0,1,0,0,0,0,1,0.408,3.741,.913,5,17,"56,000",242
673,2009-10-12,NLDS,4,COL,PHI,L 4-5,40,36,4,9,2,0,0,4,4,1,6,0,0,0,1,1,0,0,-0.015,-1.027,2.042,9,17,"49,940",221
674,2009-10-12,NLDS,4,PHI,COL,W 5-4,42,36,5,9,2,0,2,5,6,2,9,0,0,0,0,0,1,0,0.487,-0.024,1.210,10,15,"49,940",221
675,2009-10-11,ALDS,3,BOS,LAA,L 6-7,38,34,6,7,1,0,1,6,4,0,3,0,0,0,0,0,1,0,0.028,0.878,.746,5,13,"38,704",229
Rk,Date,Series,Gm#,Tm,Opp,Rslt,PA,AB,R,H,2B,3B,HR,RBI,BB,IBB,SO,HBP,SH,SF,ROE,GDP,SB,CS,WPA,RE24,aLI,LOB,#,Attendance,GmLen
676,2009-10-11,NLDS,3,COL,PHI,L 5-6,40,35,5,10,2,0,1,5,4,0,6,0,0,1,0,1,1,0,-0.161,-0.023,1.850,8,19,"50,109",246
677,2009-10-11,ALDS,3,LAA,BOS,W 7-6,41,36,7,11,4,0,1,6,4,1,6,1,0,0,0,1,1,0,0.525,1.879,1.453,7,12,"38,704",229
678,2009-10-11,ALDS,3,MIN,NYY,L 1-4,34,33,1,7,2,0,0,1,1,0,10,0,0,0,0,0,1,0,-0.479,-3.782,1.381,6,9,"54,735",205
679,2009-10-11,ALDS,3,NYY,MIN,W 4-1,36,33,4,7,1,0,2,4,3,0,13,0,0,0,0,1,0,0,0.022,-0.782,.928,5,11,"54,735",205
680,2009-10-11,NLDS,3,PHI,COL,W 6-5,42,32,6,8,1,0,1,6,8,0,11,0,1,1,0,1,0,0,0.341,0.976,1.641,9,17,"50,109",246
681,2009-10-10,NLDS,3,LAD,STL,W 5-1,40,40,5,12,3,1,1,5,0,0,11,0,0,0,1,0,0,0,0.195,0.611,.448,8,14,"47,296",182
682,2009-10-10,NLDS,3,STL,LAD,L 1-5,35,33,1,6,2,0,0,1,2,0,6,0,0,0,0,0,1,0,-0.305,-3.388,.681,7,17,"47,296",182
683,2009-10-09,ALDS,2,BOS,LAA,L 1-4,34,31,1,4,1,1,0,1,3,0,8,0,0,0,0,0,0,0,-0.410,-3.834,.891,6,11,"45,223",191
684,2009-10-09,ALDS,2,LAA,BOS,W 4-1,31,28,4,6,0,1,0,4,1,0,5,1,0,1,0,0,2,1,0.089,-0.296,1.033,3,10,"45,223",191
685,2009-10-09,ALDS,2,MIN,NYY,L 3-4,53,44,3,12,0,1,0,3,7,0,12,2,0,0,0,0,1,0,-0.309,-3.261,1.665,17,10,"50,006",262
686,2009-10-09,ALDS,2,NYY,MIN,W 4-3,39,36,4,7,1,0,2,4,3,1,4,0,0,0,0,0,1,0,0.190,-1.692,1.662,5,12,"50,006",262
687,2009-10-08,ALDS,1,BOS,LAA,L 0-5,32,30,0,4,0,0,0,0,1,0,5,0,0,0,0,1,0,0,-0.409,-4.833,.712,5,11,"45,070",189
688,2009-10-08,NLDS,2,COL,PHI,W 5-4,39,31,5,9,2,0,1,5,2,1,10,1,3,2,0,1,1,1,0.172,0.480,.903,7,17,"46,528",221
689,2009-10-08,ALDS,1,LAA,BOS,W 5-0,37,29,5,7,2,0,1,4,5,0,7,1,2,0,2,1,0,0,0.091,0.703,.822,8,9,"45,070",189
690,2009-10-08,NLDS,2,LAD,STL,W 3-2,36,32,3,5,0,0,1,3,3,0,7,1,0,0,1,0,0,0,0.352,-0.508,2.045,7,16,"51,819",187
691,2009-10-08,NLDS,2,PHI,COL,L 4-5,38,35,4,11,1,0,1,4,3,0,6,0,0,0,0,3,0,0,-0.327,-0.520,1.603,7,20,"46,528",221
692,2009-10-08,NLDS,2,STL,LAD,L 2-3,36,34,2,10,2,0,1,2,1,1,4,0,1,0,0,1,1,0,-0.148,-2.258,1.140,7,12,"51,819",187
693,2009-10-07,NLDS,1,COL,PHI,L 1-5,32,32,1,6,3,0,0,1,0,0,5,0,0,0,0,0,0,0,-0.382,-3.520,.631,4,14,"46,452",168
694,2009-10-07,NLDS,1,LAD,STL,W 5-3,45,33,5,12,2,1,1,5,8,0,6,2,1,1,0,1,0,0,0.256,1.216,.896,16,17,"56,000",234
695,2009-10-07,ALDS,1,MIN,NYY,L 2-7,38,36,2,10,2,0,0,1,1,0,12,1,0,0,0,1,1,0,-0.178,-3.122,.821,9,9,"49,464",218
696,2009-10-07,ALDS,1,NYY,MIN,W 7-2,36,33,7,9,1,0,2,7,3,0,5,0,0,0,1,1,0,0,0.323,2.447,.710,5,10,"49,464",218
697,2009-10-07,NLDS,1,PHI,COL,W 5-1,35,32,5,12,3,1,0,5,2,0,4,0,1,0,0,1,3,1,0.119,0.982,.605,6,9,"46,452",168
698,2009-10-07,NLDS,1,STL,LAD,L 3-5,44,36,3,11,4,0,0,3,5,2,7,2,1,0,0,1,0,0,-0.244,-1.259,1.266,14,17,"56,000",234
699,2008-10-27,WS,5,PHI,TBR,W 4-3,40,31,4,8,2,0,0,4,7,0,8,1,1,0,0,0,2,0,0.216,-0.162,1.162,12,14,"45,940",208
700,2008-10-27,WS,5,TBR,PHI,L 3-4,35,33,3,10,1,0,1,3,1,0,5,0,1,0,1,3,2,0,-0.285,-1.681,1.516,5,17,"45,940",208
Rk,Date,Series,Gm#,Tm,Opp,Rslt,PA,AB,R,H,2B,3B,HR,RBI,BB,IBB,SO,HBP,SH,SF,ROE,GDP,SB,CS,WPA,RE24,aLI,LOB,#,Attendance,GmLen
701,2008-10-26,WS,4,PHI,TBR,W 10-2,42,37,10,12,3,0,4,10,5,1,4,0,0,0,2,1,0,0,0.307,5.839,.786,8,15,"45,903",188
702,2008-10-26,WS,4,TBR,PHI,L 2-10,36,33,2,5,0,0,2,2,2,0,12,1,0,0,1,0,0,0,-0.194,-2.683,.636,7,15,"45,903",188
703,2008-10-25,WS,3,PHI,TBR,W 5-4,35,29,5,7,0,0,3,5,5,2,9,1,0,0,0,0,1,1,0.327,2.683,1.173,6,16,"45,900",221
704,2008-10-25,WS,3,TBR,PHI,L 4-5,35,32,4,6,2,0,0,3,2,0,8,0,0,1,0,0,4,0,-0.172,-0.682,1.417,4,14,"45,900",221
705,2008-10-23,WS,2,PHI,TBR,L 2-4,40,36,2,9,3,0,1,1,4,0,8,0,0,0,1,0,1,0,-0.345,-2.852,1.049,11,10,"40,843",185
706,2008-10-23,WS,2,TBR,PHI,W 4-2,32,28,4,7,0,0,0,4,3,0,3,0,1,0,0,1,0,0,0.155,-0.312,.574,4,9,"40,843",185
707,2008-10-22,WS,1,PHI,TBR,W 3-2,41,35,3,8,2,0,1,3,6,1,9,0,0,0,1,0,3,0,-0.145,-1.852,1.045,11,10,"40,783",203
708,2008-10-22,WS,1,TBR,PHI,L 2-3,32,30,2,5,1,0,1,2,2,0,8,0,0,0,1,2,1,1,-0.645,-2.852,1.390,3,9,"40,783",203
709,2008-10-19,ALCS,7,BOS,TBR,L 1-3,36,30,1,3,0,0,1,1,5,0,12,1,0,0,1,0,1,1,-0.513,-3.854,1.584,8,10,"40,473",211
710,2008-10-19,ALCS,7,TBR,BOS,W 3-1,30,30,3,6,2,0,1,3,0,0,9,0,0,0,0,0,0,0,-0.010,-1.313,.941,3,10,"40,473",211
711,2008-10-18,ALCS,6,BOS,TBR,W 4-2,43,36,4,10,2,0,2,4,6,1,4,1,0,0,1,1,0,0,0.090,-0.853,1.015,12,9,"40,947",228
712,2008-10-18,ALCS,6,TBR,BOS,L 2-4,33,29,2,4,0,0,2,2,2,0,6,2,0,0,0,1,1,1,-0.411,-2.853,1.177,4,11,"40,947",228
713,2008-10-16,ALCS,5,BOS,TBR,W 8-7,42,36,8,11,2,0,2,8,5,1,9,1,0,0,0,0,0,0,0.576,3.400,1.098,8,11,"38,437",248
714,2008-10-16,ALCS,5,TBR,BOS,L 7-8,39,33,7,8,1,0,3,7,6,1,6,0,0,0,0,2,4,0,0.078,1.859,.686,5,10,"38,437",248
715,2008-10-15,NLCS,5,LAD,PHI,L 1-5,35,32,1,7,0,0,1,1,3,0,5,0,0,0,0,2,0,0,-0.309,-3.500,.674,7,18,"56,800",194
716,2008-10-15,NLCS,5,PHI,LAD,W 5-1,41,35,5,8,0,0,1,3,6,2,10,0,0,0,2,2,1,0,0.192,0.500,.630,9,13,"56,800",194
717,2008-10-14,ALCS,4,BOS,TBR,L 4-13,37,34,4,7,1,1,1,4,3,0,7,0,0,0,1,1,0,0,-0.168,-1.141,.323,6,11,"38,133",187
718,2008-10-14,ALCS,4,TBR,BOS,W 13-4,46,39,13,14,2,2,3,13,7,0,7,0,0,0,0,1,3,0,0.332,7.857,.346,6,10,"38,133",187
719,2008-10-13,ALCS,3,BOS,TBR,L 1-9,36,32,1,7,2,0,0,1,3,0,7,0,0,1,0,1,0,0,-0.249,-4.142,.611,8,9,"38,031",203
720,2008-10-13,NLCS,4,LAD,PHI,L 5-7,44,34,5,11,3,0,1,4,8,3,7,0,2,0,1,2,0,1,0.158,0.500,1.304,12,19,"56,800",224
721,2008-10-13,NLCS,4,PHI,LAD,W 7-5,41,36,7,12,2,0,2,6,4,0,7,0,1,0,0,1,1,1,0.656,2.500,1.221,7,19,"56,800",224
722,2008-10-13,ALCS,3,TBR,BOS,W 9-1,41,39,9,13,2,0,4,9,2,0,9,0,0,0,0,0,1,0,0.251,3.857,.481,5,11,"38,031",203
723,2008-10-12,NLCS,3,LAD,PHI,W 7-2,38,31,7,10,0,1,1,7,5,0,8,2,0,0,0,1,1,1,0.369,3.000,.434,7,14,"56,800",177
724,2008-10-12,NLCS,3,PHI,LAD,L 2-7,34,33,2,7,2,0,0,2,1,0,6,0,0,0,0,0,0,1,-0.131,-2.500,.414,5,18,"56,800",177
725,2008-10-11,ALCS,2,BOS,TBR,L 8-9,54,44,8,12,3,0,4,7,10,0,10,0,0,0,0,1,0,0,0.035,2.069,1.641,13,11,"34,904",327
Rk,Date,Series,Gm#,Tm,Opp,Rslt,PA,AB,R,H,2B,3B,HR,RBI,BB,IBB,SO,HBP,SH,SF,ROE,GDP,SB,CS,WPA,RE24,aLI,LOB,#,Attendance,GmLen
726,2008-10-11,ALCS,2,TBR,BOS,W 9-8,47,42,9,12,3,0,3,9,4,1,9,0,0,1,0,0,1,0,0.537,3.527,1.387,6,12,"34,904",327
727,2008-10-10,ALCS,1,BOS,TBR,W 2-0,37,32,2,7,3,0,0,2,3,0,7,1,0,1,0,1,1,0,-0.192,-2.852,1.107,8,9,"35,001",205
728,2008-10-10,NLCS,2,LAD,PHI,L 5-8,43,36,5,8,1,0,1,5,7,1,12,0,0,0,1,1,0,0,-0.099,0.316,.989,11,16,"45,883",213
729,2008-10-10,NLCS,2,PHI,LAD,W 8-5,42,35,8,11,2,1,0,8,7,1,12,0,0,0,0,0,0,0,0.400,3.839,.572,10,15,"45,883",213
730,2008-10-10,ALCS,1,TBR,BOS,L 0-2,34,30,0,4,0,0,0,0,4,0,11,0,0,0,0,1,0,0,-0.692,-4.853,1.680,7,9,"35,001",205
731,2008-10-09,NLCS,1,LAD,PHI,L 2-3,35,32,2,7,3,0,0,2,2,0,10,0,0,1,0,1,0,0,-0.445,-2.682,1.118,6,13,"45,839",156
732,2008-10-09,NLCS,1,PHI,LAD,W 3-2,31,30,3,7,0,0,2,3,1,0,2,0,0,0,1,2,0,0,0.055,-1.162,.924,4,13,"45,839",156
733,2008-10-06,ALDS,4,BOS,LAA,W 3-2,35,34,3,9,2,0,0,3,1,0,4,0,0,0,0,2,0,0,0.138,-1.886,1.273,6,9,"38,785",170
734,2008-10-06,ALDS,4,CHW,TBR,L 2-6,33,31,2,4,0,0,2,2,2,0,7,0,0,0,0,0,0,0,-0.280,-2.994,.614,4,10,"40,454",193
735,2008-10-06,ALDS,4,LAA,BOS,L 2-3,36,31,2,6,1,0,0,2,4,0,4,0,1,0,0,0,0,1,-0.362,-3.143,1.371,7,11,"38,785",170
736,2008-10-06,ALDS,4,TBR,CHW,W 6-2,40,35,6,10,3,0,2,6,5,2,7,0,0,0,0,1,4,1,0.220,1.008,.511,7,10,"40,454",193
737,2008-10-05,ALDS,3,BOS,LAA,L 4-5,51,41,4,7,2,0,0,4,9,0,13,1,0,0,0,1,1,1,-0.823,-2.856,1.968,11,14,"39,067",319
738,2008-10-05,ALDS,3,CHW,TBR,W 5-3,34,28,5,7,3,0,0,5,5,0,5,0,0,1,0,2,3,0,0.176,0.560,.761,5,11,"40,142",187
739,2008-10-05,ALDS,3,LAA,BOS,W 5-4,57,50,5,16,2,0,2,5,5,0,12,1,1,0,0,0,2,0,-0.323,-1.858,1.609,16,12,"39,067",319
740,2008-10-05,NLDS,4,MIL,PHI,L 2-6,35,35,2,8,0,0,1,2,0,0,8,0,0,0,0,0,0,0,-0.239,-2.500,.541,6,16,"43,934",173
741,2008-10-05,NLDS,4,PHI,MIL,W 6-2,36,34,6,10,1,0,4,6,2,1,7,0,0,0,0,3,0,0,0.260,1.500,.549,3,14,"43,934",173
742,2008-10-05,ALDS,3,TBR,CHW,L 3-5,39,35,3,8,1,0,1,3,4,0,10,0,0,0,0,0,0,0,-0.326,-1.993,1.076,9,10,"40,142",187
743,2008-10-04,NLDS,3,CHC,LAD,L 1-3,37,35,1,8,3,0,0,1,2,1,8,0,0,0,0,0,1,0,-0.442,-3.500,1.062,9,15,"56,000",183
744,2008-10-04,NLDS,3,LAD,CHC,W 3-1,33,30,3,6,4,0,0,3,3,2,9,0,0,0,0,0,0,0,0.058,-1.000,.646,6,12,"56,000",183
745,2008-10-04,NLDS,3,MIL,PHI,W 4-1,40,30,4,11,0,0,0,4,5,1,8,1,2,2,0,0,0,0,0.106,0.000,.740,12,15,"43,992",211
746,2008-10-04,NLDS,3,PHI,MIL,L 1-4,35,35,1,9,3,1,0,1,0,0,3,0,0,0,0,0,0,0,-0.393,-3.500,1.182,7,16,"43,992",211
747,2008-10-03,ALDS,2,BOS,LAA,W 7-5,44,42,7,14,4,0,2,7,2,0,5,0,0,0,2,1,1,0,0.502,2.096,.871,10,10,"45,354",231
748,2008-10-03,ALDS,2,CHW,TBR,L 2-6,41,36,2,12,0,0,0,2,2,0,8,1,1,1,0,1,0,0,-0.381,-2.853,1.412,12,9,"35,257",190
749,2008-10-03,ALDS,2,LAA,BOS,L 5-7,43,37,5,11,0,1,0,5,5,0,8,0,0,1,0,0,0,0,0.001,0.097,1.800,11,13,"45,354",231
750,2008-10-03,ALDS,2,TBR,CHW,W 6-2,35,34,6,12,2,1,1,6,0,0,4,0,1,0,0,1,1,0,0.122,1.687,.896,5,9,"35,257",190
Rk,Date,Series,Gm#,Tm,Opp,Rslt,PA,AB,R,H,2B,3B,HR,RBI,BB,IBB,SO,HBP,SH,SF,ROE,GDP,SB,CS,WPA,RE24,aLI,LOB,#,Attendance,GmLen
751,2008-10-02,NLDS,2,CHC,LAD,L 3-10,36,34,3,8,4,0,0,3,2,0,9,0,0,0,0,1,0,0,-0.191,-1.912,.390,6,15,"42,136",190
752,2008-10-02,ALDS,1,CHW,TBR,L 4-6,35,32,4,7,1,0,2,4,1,0,9,1,1,0,0,0,0,1,-0.146,-0.854,1.194,4,10,"35,041",190
753,2008-10-02,NLDS,2,LAD,CHC,W 10-3,46,41,10,12,2,0,1,10,3,0,9,1,1,0,4,1,0,0,0.310,5.086,.457,9,14,"42,136",190
754,2008-10-02,NLDS,2,MIL,PHI,L 2-5,34,30,2,3,2,0,0,2,3,1,4,1,0,0,1,1,0,0,-0.216,-2.682,.785,5,15,"46,208",180
755,2008-10-02,NLDS,2,PHI,MIL,W 5-2,39,32,5,9,6,0,1,5,7,2,9,0,0,0,0,0,4,1,0.283,0.838,.594,10,14,"46,208",180
756,2008-10-02,ALDS,1,TBR,CHW,W 6-4,38,34,6,11,1,1,2,6,3,0,12,0,0,1,0,0,2,0,0.351,1.687,.667,8,11,"35,041",190
757,2008-10-01,ALDS,1,BOS,LAA,W 4-1,40,35,4,8,2,0,1,4,3,0,6,1,1,0,1,0,2,0,-0.037,-0.903,1.058,9,9,"44,996",194
758,2008-10-01,NLDS,1,CHC,LAD,L 2-7,37,35,2,9,1,0,1,2,2,0,7,0,0,0,1,2,0,0,-0.222,-2.912,.786,8,14,"42,099",190
759,2008-10-01,ALDS,1,LAA,BOS,L 1-4,37,36,1,9,0,0,0,1,1,0,10,0,0,0,1,0,0,0,-0.538,-3.902,1.241,9,10,"44,996",194
760,2008-10-01,NLDS,1,LAD,CHC,W 7-2,41,33,7,8,2,0,3,7,8,0,7,0,0,0,0,2,0,0,0.278,2.087,.908,7,14,"42,099",190
761,2008-10-01,NLDS,1,MIL,PHI,L 1-3,33,31,1,4,1,0,0,0,2,0,12,0,0,0,0,0,0,0,-0.427,-3.682,.977,5,16,"45,929",159
762,2008-10-01,NLDS,1,PHI,MIL,W 3-1,34,27,3,4,1,0,0,3,6,1,7,0,1,0,0,1,1,0,0.072,-1.161,.684,7,11,"45,929",159
763,2007-10-28,WS,4,BOS,COL,W 4-3,34,33,4,9,2,0,2,4,1,0,4,0,0,0,0,3,0,0,-0.027,-1.063,.724,3,16,"50,041",215
764,2007-10-28,WS,4,COL,BOS,L 3-4,37,34,3,7,2,0,2,3,3,0,7,0,0,0,0,0,0,0,-0.528,-2.063,1.322,7,15,"50,041",215
765,2007-10-27,WS,3,BOS,COL,W 10-5,44,39,10,15,7,0,0,10,3,1,7,0,1,1,0,0,1,0,0.496,4.936,.720,7,17,"49,983",259
766,2007-10-27,WS,3,COL,BOS,L 5-10,43,38,5,11,0,1,1,5,4,0,7,1,0,0,0,0,1,0,-0.005,-0.061,.872,11,18,"49,983",259
767,2007-10-25,WS,2,BOS,COL,W 2-1,38,28,2,6,1,0,0,2,7,0,3,1,1,1,0,0,1,0,-0.184,-2.669,1.123,12,9,"36,370",219
768,2007-10-25,WS,2,COL,BOS,L 1-2,33,29,1,5,0,0,0,1,2,0,10,1,1,0,0,1,0,0,-0.684,-4.252,1.467,5,9,"36,370",219
769,2007-10-24,WS,1,BOS,COL,W 13-1,49,41,13,17,8,0,1,13,8,2,6,0,0,0,0,0,0,0,0.341,8.333,.376,12,12,"36,733",210
770,2007-10-24,WS,1,COL,BOS,L 1-13,33,32,1,6,4,0,0,1,1,0,12,0,0,0,0,1,0,0,-0.156,-4.252,.413,5,9,"36,733",210
771,2007-10-21,ALCS,7,BOS,CLE,W 11-2,39,35,11,15,5,0,2,10,2,2,7,0,1,1,1,3,0,0,0.157,6.333,.747,4,10,"37,165",213
772,2007-10-21,ALCS,7,CLE,BOS,L 2-11,36,35,2,10,2,0,0,2,0,0,4,0,0,1,1,1,0,0,-0.343,-3.251,1.115,7,9,"37,165",213
773,2007-10-20,ALCS,6,BOS,CLE,W 12-2,44,35,12,13,3,0,1,11,8,0,5,0,0,1,0,1,0,0,0.399,7.332,.416,8,12,"37,163",189
774,2007-10-20,ALCS,6,CLE,BOS,L 2-12,32,31,2,6,0,1,1,2,0,0,5,0,0,1,0,1,0,0,-0.100,-3.253,.424,3,9,"37,163",189
775,2007-10-18,ALCS,5,BOS,CLE,W 7-1,44,35,7,12,3,1,1,6,5,0,8,2,0,2,1,2,0,0,0.118,1.996,.784,10,11,"44,588",226
Rk,Date,Series,Gm#,Tm,Opp,Rslt,PA,AB,R,H,2B,3B,HR,RBI,BB,IBB,SO,HBP,SH,SF,ROE,GDP,SB,CS,WPA,RE24,aLI,LOB,#,Attendance,GmLen
776,2007-10-18,ALCS,5,CLE,BOS,L 1-7,35,33,1,6,2,0,0,0,2,0,12,0,0,0,1,1,0,0,-0.379,-4.004,.804,7,9,"44,588",226
777,2007-10-16,ALCS,4,BOS,CLE,L 3-7,34,34,3,8,0,0,3,3,0,0,4,0,0,0,0,1,0,0,-0.334,-2.004,.695,4,10,"44,008",192
778,2007-10-16,ALCS,4,CLE,BOS,W 7-3,38,33,7,9,1,0,2,7,4,0,12,1,0,0,0,0,2,0,0.165,2.552,.691,7,9,"44,008",192
779,2007-10-15,NLCS,4,ARI,COL,L 4-6,39,37,4,10,3,1,1,4,1,0,6,1,0,0,1,0,0,1,-0.214,-1.062,.870,8,15,"50,213",197
780,2007-10-15,ALCS,3,BOS,CLE,L 2-4,34,31,2,7,1,0,1,2,3,0,4,0,0,0,1,3,0,0,-0.430,-3.004,1.047,5,9,"44,402",208
781,2007-10-15,ALCS,3,CLE,BOS,W 4-2,33,30,4,6,0,0,1,4,3,0,10,0,0,0,0,0,0,0,0.072,-0.448,.549,5,10,"44,402",208
782,2007-10-15,NLCS,4,COL,ARI,W 6-4,35,31,6,6,1,0,1,6,3,0,11,1,0,0,1,0,0,0,0.286,1.498,.771,5,16,"50,213",197
783,2007-10-14,NLCS,3,ARI,COL,L 1-4,33,32,1,8,0,0,1,1,1,0,4,0,0,0,0,2,0,0,-0.399,-4.064,1.042,5,14,"50,137",184
784,2007-10-14,NLCS,3,COL,ARI,W 4-1,37,33,4,9,1,0,2,4,4,1,6,0,0,0,0,0,0,0,0.100,-0.501,.925,9,14,"50,137",184
785,2007-10-13,ALCS,2,BOS,CLE,L 6-13,45,40,6,10,0,0,2,6,5,0,10,0,0,0,0,3,2,0,-0.181,-0.419,1.381,6,11,"37,051",314
786,2007-10-13,ALCS,2,CLE,BOS,W 13-6,54,49,13,17,3,0,3,12,5,3,9,0,0,0,0,1,1,0,0.319,6.581,1.497,8,12,"37,051",314
787,2007-10-12,NLCS,2,ARI,COL,L 2-3,46,41,2,9,2,0,0,2,4,1,12,1,0,0,1,0,0,1,-0.643,-4.188,1.989,11,19,"48,219",266
788,2007-10-12,ALCS,1,BOS,CLE,W 10-3,43,32,10,12,5,0,0,10,8,1,5,1,1,1,0,1,0,0,0.338,5.332,.573,9,11,"36,986",215
789,2007-10-12,ALCS,1,CLE,BOS,L 3-10,37,33,3,8,4,0,1,3,2,0,11,1,0,1,0,1,0,0,-0.159,-2.251,.358,7,10,"36,986",215
790,2007-10-12,NLCS,2,COL,ARI,W 3-2,47,38,3,7,1,0,0,3,7,0,12,0,1,1,1,0,0,0,-0.142,-3.189,1.563,11,17,"48,219",266
791,2007-10-11,NLCS,1,ARI,COL,L 1-5,36,32,1,9,2,0,0,1,2,0,6,2,0,0,0,2,0,0,-0.330,-4.066,.913,8,16,"48,142",192
792,2007-10-11,NLCS,1,COL,ARI,W 5-1,38,33,5,8,0,0,0,3,4,0,10,0,1,0,1,1,2,0,0.167,-0.063,.774,6,14,"48,142",192
793,2007-10-08,ALDS,4,CLE,NYY,W 6-4,44,37,6,13,2,0,1,5,5,2,7,1,1,0,0,2,0,0,0.248,0.996,.569,11,9,"56,315",243
794,2007-10-08,ALDS,4,NYY,CLE,L 4-6,41,38,4,12,1,0,3,4,3,0,6,0,0,0,0,1,0,0,-0.255,-1.004,1.041,10,11,"56,315",243
795,2007-10-07,ALDS,3,BOS,LAA,W 9-1,40,34,9,10,4,0,2,9,5,0,9,0,0,1,0,3,1,0,0.035,3.996,.640,4,11,"45,262",209
796,2007-10-07,ALDS,3,CLE,NYY,L 4-8,39,36,4,9,2,0,1,4,3,0,9,0,0,0,1,1,1,0,-0.057,-1.004,.768,8,10,"56,358",218
797,2007-10-07,ALDS,3,LAA,BOS,L 1-9,36,33,1,8,3,0,0,1,2,0,5,0,0,1,0,1,0,0,-0.466,-4.004,.937,8,12,"45,262",209
798,2007-10-07,ALDS,3,NYY,CLE,W 8-4,36,32,8,11,1,0,1,6,3,1,5,0,1,0,0,3,0,0,0.443,3.552,.869,4,10,"56,358",218
799,2007-10-06,NLDS,3,ARI,CHC,W 5-1,42,36,5,10,2,0,3,5,5,0,13,1,0,0,0,1,3,0,0.095,0.026,.772,10,16,"42,157",202
800,2007-10-06,NLDS,3,CHC,ARI,L 1-5,37,31,1,7,1,0,0,1,5,0,4,1,0,0,1,4,1,0,-0.408,-3.972,1.286,9,16,"42,157",202
Rk,Date,Series,Gm#,Tm,Opp,Rslt,PA,AB,R,H,2B,3B,HR,RBI,BB,IBB,SO,HBP,SH,SF,ROE,GDP,SB,CS,WPA,RE24,aLI,LOB,#,Attendance,GmLen
801,2007-10-06,NLDS,3,COL,PHI,W 2-1,35,31,2,9,0,1,0,2,3,1,4,0,1,0,0,0,0,1,-0.080,-2.501,1.328,9,15,"50,724",179
802,2007-10-06,NLDS,3,PHI,COL,L 1-2,33,29,1,3,0,0,1,1,4,0,8,0,0,0,0,1,1,0,-0.578,-4.063,1.376,5,15,"50,724",179
803,2007-10-05,ALDS,2,BOS,LAA,W 6-3,40,30,6,6,1,0,1,6,9,2,7,0,0,1,0,0,1,0,0.066,0.873,1.655,8,9,"37,706",245
804,2007-10-05,ALDS,2,CLE,NYY,W 2-1,48,35,2,9,2,1,0,1,7,2,10,2,4,0,0,1,1,1,-0.283,-3.304,2.413,14,10,"44,732",263
805,2007-10-05,ALDS,2,LAA,BOS,L 3-6,41,35,3,7,3,0,0,3,5,0,7,1,0,0,1,0,5,0,-0.435,-2.251,1.491,11,12,"37,706",245
806,2007-10-05,ALDS,2,NYY,CLE,L 1-2,37,35,1,3,0,0,1,1,2,0,6,0,0,0,1,2,1,0,-0.784,-5.116,1.260,3,11,"44,732",263
807,2007-10-04,NLDS,2,ARI,CHC,W 8-4,38,30,8,9,0,2,1,8,6,0,10,0,2,0,0,2,0,0,0.386,3.498,.706,6,14,"48,575",224
808,2007-10-04,NLDS,2,CHC,ARI,L 4-8,40,35,4,8,1,0,1,4,5,0,13,0,0,0,0,1,0,0,-0.113,-1.064,.678,9,17,"48,575",224
809,2007-10-04,ALDS,1,CLE,NYY,W 12-3,42,35,12,14,4,0,4,12,5,0,4,2,0,0,0,1,1,1,0.481,7.552,.508,6,9,"44,608",224
810,2007-10-04,NLDS,2,COL,PHI,W 10-5,42,38,10,12,4,1,3,10,4,1,6,0,0,0,0,1,0,0,0.509,5.075,.683,5,17,"45,991",212
811,2007-10-04,ALDS,1,NYY,CLE,L 3-12,37,31,3,5,1,0,2,3,6,1,11,0,0,0,0,0,0,1,-0.018,-2.004,.910,7,11,"44,608",224
812,2007-10-04,NLDS,2,PHI,COL,L 5-10,40,35,5,9,1,1,2,5,4,0,8,1,0,0,0,0,1,0,0.009,0.077,.624,8,20,"45,991",212
813,2007-10-03,NLDS,1,ARI,CHC,W 3-1,31,28,3,6,1,0,2,3,2,0,12,0,0,1,0,1,1,0,0.016,-1.499,.893,4,12,"48,864",153
814,2007-10-03,ALDS,1,BOS,LAA,W 4-0,31,29,4,9,1,0,2,4,2,0,6,0,0,0,0,3,0,1,0.132,-0.668,.507,3,10,"37,597",147
815,2007-10-03,NLDS,1,CHC,ARI,L 1-3,37,32,1,4,1,0,0,1,4,0,10,1,0,0,1,0,0,0,-0.484,-4.063,1.421,9,13,"48,864",153
816,2007-10-03,NLDS,1,COL,PHI,W 4-2,37,32,4,6,1,1,1,4,4,0,12,0,1,0,0,0,0,0,0.037,-0.924,.815,6,13,"45,655",172
817,2007-10-03,ALDS,1,LAA,BOS,L 0-4,31,31,0,4,0,0,0,0,0,0,8,0,0,0,0,0,0,0,-0.369,-5.253,.599,4,12,"37,597",147
818,2007-10-03,NLDS,1,PHI,COL,L 2-4,33,29,2,4,0,0,2,2,4,0,10,0,0,0,0,2,1,0,-0.461,-2.921,1.277,4,16,"45,655",172
819,2006-10-27,WS,5,DET,STL,L 2-4,35,33,2,5,3,0,1,2,2,0,10,0,0,0,1,0,0,0,-0.382,-2.813,1.128,6,14,"46,638",176
820,2006-10-27,WS,5,STL,DET,W 4-2,36,31,4,8,0,0,0,3,4,0,5,0,1,0,1,0,0,1,0.119,-0.278,1.146,8,12,"46,638",176
821,2006-10-26,WS,4,DET,STL,L 4-5,40,36,4,10,3,0,1,4,3,1,8,0,1,0,0,0,1,0,-0.104,-0.812,1.336,9,12,"46,470",215
822,2006-10-26,WS,4,STL,DET,W 5-4,38,30,5,9,6,0,0,4,6,2,9,0,2,0,1,1,1,0,0.398,0.724,1.651,9,16,"46,470",215
823,2006-10-24,WS,3,DET,STL,L 0-5,29,28,0,3,0,0,0,0,0,0,6,0,1,0,0,1,0,0,-0.455,-4.814,.759,2,17,"46,513",183
824,2006-10-24,WS,3,STL,DET,W 5-0,40,30,5,7,3,0,0,2,8,2,5,1,1,0,1,1,0,0,0.044,0.724,.742,11,10,"46,513",183
825,2006-10-22,WS,2,DET,STL,W 3-1,37,32,3,10,1,1,1,3,2,0,8,2,1,0,1,2,0,0,0.031,-1.422,.652,10,9,"42,533",175
Rk,Date,Series,Gm#,Tm,Opp,Rslt,PA,AB,R,H,2B,3B,HR,RBI,BB,IBB,SO,HBP,SH,SF,ROE,GDP,SB,CS,WPA,RE24,aLI,LOB,#,Attendance,GmLen
826,2006-10-22,WS,2,STL,DET,L 1-3,35,31,1,4,1,0,0,1,3,0,5,1,0,0,1,1,0,0,-0.468,-3.974,1.082,7,9,"42,533",175
827,2006-10-21,WS,1,DET,STL,L 2-7,33,32,2,4,1,0,1,2,1,0,5,0,0,0,1,0,0,0,-0.214,-2.973,.544,4,11,"42,479",174
828,2006-10-21,WS,1,STL,DET,W 7-2,38,36,7,8,2,0,2,5,2,0,10,0,0,0,0,0,0,0,0.286,2.026,.452,4,10,"42,479",174
829,2006-10-19,NLCS,7,NYM,STL,L 1-3,39,32,1,4,1,0,0,1,6,1,6,1,0,0,1,0,0,0,-0.558,-3.764,1.848,11,14,"56,357",203
830,2006-10-19,NLCS,7,STL,NYM,W 3-1,36,30,3,6,1,0,1,3,3,2,7,1,2,0,1,1,0,0,-0.059,-1.761,1.361,6,14,"56,357",203
831,2006-10-18,NLCS,6,NYM,STL,W 4-2,35,34,4,10,0,0,1,4,0,0,4,1,0,0,1,1,3,0,0.032,-0.233,.678,7,14,"56,334",176
832,2006-10-18,NLCS,6,STL,NYM,L 2-4,37,32,2,7,2,0,0,2,4,1,6,1,0,0,0,2,1,0,-0.467,-2.762,1.161,8,13,"56,334",176
833,2006-10-17,NLCS,5,NYM,STL,L 2-4,37,35,2,8,4,0,0,2,2,0,6,0,0,0,0,0,0,0,-0.357,-2.812,1.266,8,15,"46,496",206
834,2006-10-17,NLCS,5,STL,NYM,W 4-2,38,33,4,10,1,1,2,4,5,2,3,0,0,0,0,0,1,1,0.143,-0.277,1.058,10,14,"46,496",206
835,2006-10-15,NLCS,4,NYM,STL,W 12-5,47,41,12,14,2,0,4,12,6,0,9,0,0,0,1,0,0,0,0.529,7.187,.679,8,13,"46,600",211
836,2006-10-15,NLCS,4,STL,NYM,L 5-12,37,35,5,11,0,1,3,5,1,0,5,1,0,0,1,3,1,0,0.028,0.187,.730,5,20,"46,600",211
837,2006-10-14,ALCS,4,DET,OAK,W 6-3,40,35,6,11,2,0,2,6,5,1,10,0,0,0,0,1,0,0,0.163,1.142,1.621,8,10,"42,967",203
838,2006-10-14,NLCS,3,NYM,STL,L 0-5,30,29,0,3,0,1,0,0,1,0,4,0,0,0,0,0,1,0,-0.244,-4.814,.408,3,12,"47,053",173
839,2006-10-14,ALCS,4,OAK,DET,L 3-6,39,34,3,8,2,0,1,3,5,0,4,0,0,0,0,1,0,0,-0.336,-1.974,1.277,9,11,"42,967",203
840,2006-10-14,NLCS,3,STL,NYM,W 5-0,37,29,5,8,0,1,1,4,6,0,4,0,2,0,0,0,0,0,0.257,0.723,.511,8,12,"47,053",173
841,2006-10-13,ALCS,3,DET,OAK,W 3-0,36,29,3,6,1,0,1,3,7,0,5,0,0,0,0,1,2,0,0.032,-1.422,.636,9,10,"41,669",177
842,2006-10-13,NLCS,2,NYM,STL,L 6-9,42,33,6,9,3,0,2,6,6,0,4,1,2,0,1,2,0,0,0.079,1.239,1.150,9,18,"56,349",238
843,2006-10-13,ALCS,3,OAK,DET,L 0-3,30,27,0,2,0,0,0,0,2,0,6,1,0,0,0,2,0,0,-0.469,-4.974,.881,3,11,"41,669",177
844,2006-10-13,NLCS,2,STL,NYM,W 9-6,44,38,9,10,3,1,2,9,6,0,5,0,0,0,1,0,1,0,0.579,4.239,1.258,8,18,"56,349",238
845,2006-10-12,NLCS,1,NYM,STL,W 2-0,33,30,2,6,2,0,1,2,3,1,3,0,0,0,0,0,1,0,-0.093,-2.233,.765,7,13,"56,311",172
846,2006-10-12,NLCS,1,STL,NYM,L 0-2,33,29,0,4,0,0,0,0,4,0,3,0,0,0,0,0,0,0,-0.591,-4.760,1.095,6,16,"56,311",172
847,2006-10-11,ALCS,2,DET,OAK,W 8-5,40,35,8,11,2,0,2,8,2,1,7,0,1,2,1,1,0,0,0.412,3.178,.898,5,9,"36,168",186
848,2006-10-11,ALCS,2,OAK,DET,L 5-8,40,38,5,11,2,0,3,5,2,0,13,0,0,0,0,0,0,0,-0.088,0.177,1.115,8,10,"36,168",186
849,2006-10-10,ALCS,1,DET,OAK,W 5-1,43,38,5,11,2,0,2,5,5,0,3,0,0,0,0,0,0,0,0.203,0.177,.516,11,10,"35,655",200
850,2006-10-10,ALCS,1,OAK,DET,L 1-5,37,32,1,8,3,0,0,1,5,0,5,0,0,0,1,4,0,0,-0.299,-3.822,.920,9,9,"35,655",200
Rk,Date,Series,Gm#,Tm,Opp,Rslt,PA,AB,R,H,2B,3B,HR,RBI,BB,IBB,SO,HBP,SH,SF,ROE,GDP,SB,CS,WPA,RE24,aLI,LOB,#,Attendance,GmLen
851,2006-10-08,NLDS,4,SDP,STL,L 2-6,37,34,2,9,1,0,0,2,3,0,8,0,0,0,0,1,1,1,-0.245,-2.811,1.038,8,15,"46,476",164
852,2006-10-08,NLDS,4,STL,SDP,W 6-2,35,30,6,7,1,1,0,5,2,0,3,2,1,0,1,0,0,0,0.255,1.723,.942,5,12,"46,476",164
853,2006-10-07,ALDS,4,DET,NYY,W 8-3,39,37,8,13,2,0,2,8,1,0,3,0,0,1,2,0,0,0,0.259,3.579,.314,7,9,"43,126",174
854,2006-10-07,NLDS,3,LAD,NYM,L 5-9,45,42,5,16,1,0,1,5,3,0,5,0,0,0,1,1,1,0,0.099,0.088,1.168,13,18,"56,293",231
855,2006-10-07,NLDS,3,NYM,LAD,W 9-5,45,39,9,14,3,0,0,8,5,1,6,1,0,0,2,2,1,1,0.600,4.088,.856,9,19,"56,293",231
856,2006-10-07,ALDS,4,NYY,DET,L 3-8,34,33,3,6,0,0,1,3,1,0,4,0,0,0,0,0,0,0,-0.240,-1.972,.310,4,9,"43,126",174
857,2006-10-07,NLDS,3,SDP,STL,W 3-1,44,34,3,10,4,0,0,3,8,1,6,0,1,1,1,1,1,0,0.004,-1.813,.852,14,15,"46,634",213
858,2006-10-07,NLDS,3,STL,SDP,L 1-3,33,30,1,5,1,0,1,1,3,1,11,0,0,0,0,2,1,0,-0.498,-3.812,1.110,5,18,"46,634",213
859,2006-10-06,ALDS,3,DET,NYY,W 6-0,35,32,6,10,2,0,1,6,3,0,7,0,0,0,0,1,1,1,0.167,1.578,.497,5,9,"43,440",185
860,2006-10-06,ALDS,3,MIN,OAK,L 3-8,37,35,3,12,2,0,2,3,1,0,3,0,1,0,0,2,0,0,-0.261,-1.824,.791,7,10,"35,694",175
861,2006-10-06,ALDS,3,NYY,DET,L 0-6,34,31,0,5,3,0,0,0,2,0,9,1,0,0,0,1,0,0,-0.333,-4.975,.739,7,9,"43,440",185
862,2006-10-06,ALDS,3,OAK,MIN,W 8-3,39,35,8,8,3,0,2,8,4,1,3,0,0,0,3,0,0,0,0.240,3.713,.505,7,9,"35,694",175
863,2006-10-05,ALDS,2,DET,NYY,W 4-3,37,34,4,8,3,1,1,4,1,0,7,0,1,1,1,0,0,0,0.021,-1.023,1.089,6,9,"56,252",195
864,2006-10-05,NLDS,2,LAD,NYM,L 1-4,35,32,1,5,1,0,1,1,3,0,4,0,0,0,0,0,0,0,-0.435,-3.761,.952,7,16,"57,029",177
865,2006-10-05,NLDS,2,NYM,LAD,W 4-1,35,29,4,7,1,0,0,4,3,1,7,0,2,1,1,0,0,0,0.065,-0.234,.878,7,13,"57,029",177
866,2006-10-05,ALDS,2,NYY,DET,L 3-4,37,33,3,8,1,0,1,3,4,0,9,0,0,0,0,2,0,0,-0.480,-2.024,1.740,7,10,"56,252",195
867,2006-10-05,NLDS,2,SDP,STL,L 0-2,34,30,0,4,1,0,0,0,4,0,9,0,0,0,0,1,0,0,-0.607,-4.418,1.083,7,15,"43,463",174
868,2006-10-05,NLDS,2,STL,SDP,W 2-0,34,32,2,10,2,0,0,2,1,0,3,1,0,0,0,3,0,1,-0.109,-2.421,.778,5,14,"43,463",174
869,2006-10-04,NLDS,1,LAD,NYM,L 5-6,39,36,5,11,4,0,0,5,2,1,12,0,1,0,0,0,1,0,-0.102,0.237,1.575,7,16,"56,979",185
870,2006-10-04,ALDS,2,MIN,OAK,L 2-5,38,36,2,9,0,0,2,2,2,0,7,0,0,0,0,0,1,0,-0.288,-2.875,1.018,9,9,"55,710",182
871,2006-10-04,NLDS,1,NYM,LAD,W 6-5,40,34,6,9,2,0,2,6,5,1,9,1,0,0,1,0,1,0,0.396,1.768,.947,10,16,"56,979",185
872,2006-10-04,ALDS,2,OAK,MIN,W 5-2,38,37,5,11,5,0,1,4,1,0,7,0,0,0,0,1,0,0,0.212,0.127,.958,6,10,"55,710",182
873,2006-10-03,ALDS,1,DET,NYY,L 4-8,38,36,4,12,5,0,2,4,2,0,5,0,0,0,0,2,0,1,-0.203,-1.024,.856,7,9,"56,291",194
874,2006-10-03,ALDS,1,MIN,OAK,L 2-3,34,30,2,5,2,1,1,2,3,0,1,0,1,0,0,0,0,1,-0.588,-2.872,1.534,5,9,"55,542",139
875,2006-10-03,ALDS,1,NYY,DET,W 8-4,40,37,8,14,3,0,2,8,1,0,2,2,0,0,0,0,1,1,0.295,3.535,.587,8,10,"56,291",194
Rk,Date,Series,Gm#,Tm,Opp,Rslt,PA,AB,R,H,2B,3B,HR,RBI,BB,IBB,SO,HBP,SH,SF,ROE,GDP,SB,CS,WPA,RE24,aLI,LOB,#,Attendance,GmLen
876,2006-10-03,ALDS,1,OAK,MIN,W 3-2,35,34,3,7,1,0,2,3,1,0,9,0,0,0,1,1,0,0,-0.089,-1.872,.741,5,9,"55,542",139
877,2006-10-03,NLDS,1,SDP,STL,L 1-5,34,31,1,6,1,2,0,1,1,0,11,1,0,1,0,1,0,0,-0.315,-3.418,.919,6,16,"43,107",174
878,2006-10-03,NLDS,1,STL,SDP,W 5-1,37,33,5,12,1,0,1,5,1,1,4,1,1,1,0,2,1,1,0.185,0.580,.602,5,13,"43,107",174
879,2005-10-26,WS,4,CHW,HOU,W 1-0,35,34,1,8,3,1,0,1,0,0,10,0,1,0,0,0,0,0,-0.296,-3.611,1.221,7,14,"42,936",200
880,2005-10-26,WS,4,HOU,CHW,L 0-1,36,29,0,5,1,0,0,0,4,2,7,1,2,0,0,1,2,0,-0.796,-4.612,2.125,9,14,"42,936",200
881,2005-10-25,WS,3,CHW,HOU,W 7-5,64,53,7,14,2,0,2,7,9,1,11,2,0,0,1,3,2,0,-0.181,-0.174,1.655,15,22,"42,848",341
882,2005-10-25,WS,3,HOU,CHW,L 5-7,62,47,5,8,2,0,1,5,12,1,14,1,2,0,1,2,1,1,-0.681,-2.171,2.135,15,21,"42,848",341
883,2005-10-23,WS,2,CHW,HOU,W 7-6,37,35,7,12,3,0,2,7,1,0,5,1,0,0,0,0,1,1,0.807,2.397,1.316,5,9,"41,432",191
884,2005-10-23,WS,2,HOU,CHW,L 6-7,37,35,6,9,2,1,1,6,1,0,8,0,0,1,0,0,1,0,0.306,1.106,1.279,4,12,"41,432",191
885,2005-10-22,WS,1,CHW,HOU,W 5-3,38,32,5,10,1,1,2,5,5,1,4,0,1,0,1,2,2,0,0.125,0.649,1.033,9,9,"41,206",193
886,2005-10-22,WS,1,HOU,CHW,L 3-5,36,32,3,7,3,0,1,3,0,0,7,3,1,0,0,1,1,0,-0.375,-1.892,1.797,6,10,"41,206",193
887,2005-10-19,NLCS,6,HOU,STL,W 5-1,39,35,5,11,0,0,1,4,1,0,5,0,3,0,0,0,0,0,0.180,0.389,.617,7,13,"52,438",173
888,2005-10-19,NLCS,6,STL,HOU,L 1-5,34,30,1,4,1,0,0,1,1,0,9,2,0,1,0,0,0,0,-0.321,-3.611,.783,6,17,"52,438",173
889,2005-10-17,NLCS,5,HOU,STL,L 4-5,38,34,4,9,1,0,1,4,1,0,6,1,2,0,1,0,0,0,0.002,-0.610,1.480,7,17,"43,470",199
890,2005-10-17,NLCS,5,STL,HOU,W 5-4,40,36,5,9,1,0,1,5,3,0,7,1,0,0,2,0,2,1,0.503,0.390,1.250,8,13,"43,470",199
891,2005-10-16,ALCS,5,CHW,LAA,W 6-3,42,32,6,8,4,0,1,6,6,0,9,1,1,2,1,0,1,1,0.316,1.338,1.357,9,9,"44,712",191
892,2005-10-16,NLCS,4,HOU,STL,W 2-1,37,29,2,6,0,0,1,2,6,0,6,0,1,1,1,0,0,0,-0.101,-2.098,1.361,11,16,"43,010",191
893,2005-10-16,ALCS,5,LAA,CHW,L 3-6,34,30,3,5,2,0,0,3,2,0,2,0,1,1,0,0,0,0,-0.184,-1.661,1.109,4,9,"44,712",191
894,2005-10-16,NLCS,4,STL,HOU,L 1-2,33,29,1,5,1,0,0,1,3,0,7,0,0,1,0,2,0,0,-0.601,-3.611,1.665,5,12,"43,010",191
895,2005-10-15,ALCS,4,CHW,LAA,W 8-2,40,33,8,8,1,1,2,8,6,1,6,1,0,0,1,1,3,1,0.333,3.339,.490,5,9,"44,857",166
896,2005-10-15,NLCS,3,HOU,STL,W 4-3,36,34,4,11,2,0,1,3,2,0,4,0,0,0,0,0,0,0,0.189,-0.098,.869,8,15,"42,823",180
897,2005-10-15,ALCS,4,LAA,CHW,L 2-8,33,32,2,6,1,0,0,2,1,0,5,0,0,0,0,1,0,0,-0.168,-2.661,.594,4,11,"44,857",166
898,2005-10-15,NLCS,3,STL,HOU,L 3-4,37,31,3,7,1,0,0,3,3,0,5,0,1,2,0,0,1,0,-0.314,-1.610,1.301,7,15,"42,823",180
899,2005-10-14,ALCS,3,CHW,LAA,W 5-2,38,35,5,11,2,0,1,5,2,0,9,0,1,0,0,1,0,0,0.195,0.338,.464,6,9,"44,725",162
900,2005-10-14,ALCS,3,LAA,CHW,L 2-5,30,29,2,4,1,0,1,2,1,0,7,0,0,0,0,1,0,0,-0.307,-2.661,.610,1,10,"44,725",162
